School Name,Primary Division,Sport Division,Subdivision,Membership Status,Primary Conference,Sport Conference,HBCU/Non-HBCU,Public/Private,Carnegie Classification,City/State ,Primary URL,Secondary URL,Primary Icon
Boston College,Division I,Division I,DI FBS,Active Member,Atlantic Coast Conference,Atlantic Coast Conference,Non-HBCU,Private,Research Universities,"Chestnut Hill, MA",www.bc.edu,www.bceagles.com,1_1.site.png
"University of Massachusetts, Amherst",Division I,Division I,DI FBS,Active Member,Atlantic 10 Conference,Independent,Non-HBCU,Public,Research Universities,"Amherst, MA",www.umass.edu/,www.umassathletics.com,2_2.site.png
University of Connecticut,Division I,Division I,DI FBS,Active Member,American Athletic Conference,American Athletic Conference,Non-HBCU,Public,Research Universities,"Storrs, CT",www.uconn.edu,www.uconnhuskies.com,3_3.site.png
U.S. Military Academy,Division I,Division I,DI FBS,Active Member,Patriot League,Independent,Non-HBCU,Public,Baccalaureate Colleges,"West Point, NY",www.goArmyWestPoint.com,www.usma.edu/,4_4.favicon-16x16.png
Syracuse University,Division I,Division I,DI FBS,Active Member,Atlantic Coast Conference,Atlantic Coast Conference,Non-HBCU,Private,Research Universities,"Syracuse, NY",suathletics.com,www.syr.edu/,5_5.apple-touch-icon.png
"Rutgers, The State University of New Jersey, New Brunswick",Division I,Division I,DI FBS,Active Member,Big Ten Conference,Big Ten Conference,Non-HBCU,Public,Research Universities,"New Brunswick, NJ",www.rutgers.edu,www.scarletknights.com,6_6.site.png
Temple University,Division I,Division I,DI FBS,Active Member,American Athletic Conference,American Athletic Conference,Non-HBCU,Public,Research Universities,"Philadelphia, PA",www.owlsports.com,www.temple.edu/,7_7.favicon.ico
Pennsylvania State University,Division I,Division I,DI FBS,Active Member,Big Ten Conference,Big Ten Conference,Non-HBCU,Public,Research Universities,"University Park, PA",goPSUsports.com,www.psu.edu,8_8.favicon.ico
University of Virginia,Division I,Division I,DI FBS,Active Member,Atlantic Coast Conference,Atlantic Coast Conference,Non-HBCU,Public,Research Universities,"Charlottesville, VA",www.virginia.edu/,www.virginiasports.com/,9_9.amt-Yurr3nfY8WdRkHUr-5682871a-basketball_crop.jpg
Liberty University,Division I,Division I,DI FBS,Active Member,ASUN Conference,Independent,Non-HBCU,Private,Research Universities,"Lynchburg, VA",www.LibertyFlames.com,www.liberty.edu,10_10.favicon.ico
Marshall University,Division I,Division I,DI FBS,Active Member,Conference USA,Conference USA,Non-HBCU,Public,Research Universities,"Huntington, WV",www.herdzone.com,www.marshall.edu,11_11.favicon.ico
Old Dominion University,Division I,Division I,DI FBS,Active Member,Conference USA,Conference USA,Non-HBCU,Public,Research Universities,"Norfolk, VA",www.odu.edu,www.odusports.com,12_12.site.png
U.S. Naval Academy,Division I,Division I,DI FBS,Active Member,Patriot League,American Athletic Conference,Non-HBCU,Public,Baccalaureate Colleges,"Annapolis, MD",www.navysports.com,www.usna.edu/,13_13.favicon.ico
Duke University,Division I,Division I,DI FBS,Active Member,Atlantic Coast Conference,Atlantic Coast Conference,Non-HBCU,Private,Research Universities,"Durham, NC",www.duke.edu,www.goduke.com,14_14.favicon.ico
West Virginia University,Division I,Division I,DI FBS,Active Member,Big 12 Conference,Big 12 Conference,Non-HBCU,Public,Research Universities,"Morgantown, WV",www.wvu.edu,www.wvusports.com,15_15.site.png
University of Akron,Division I,Division I,DI FBS,Active Member,Mid-American Conference,Mid-American Conference,Non-HBCU,Public,Research Universities,"Akron, OH",www.gozips.com,www.uakron.edu,16_16.favicon.ico
Ohio University,Division I,Division I,DI FBS,Active Member,Mid-American Conference,Mid-American Conference,Non-HBCU,Public,Research Universities,"Athens, OH",www.OhioBobcats.com,www.ohio.edu,
Bowling Green State University,Division I,Division I,DI FBS,Active Member,Mid-American Conference,Mid-American Conference,Non-HBCU,Public,Research Universities,"Bowling Green, OH",www.bgsu.edu,www.bgsufalcons.com,18_18.site.png
University of Toledo,Division I,Division I,DI FBS,Active Member,Mid-American Conference,Mid-American Conference,Non-HBCU,Public,Research Universities,"Toledo, OH",www.utoledo.edu,www.utrockets.com,19_19.favicon.ico
Eastern Michigan University,Division I,Division I,DI FBS,Active Member,Mid-American Conference,Mid-American Conference,Non-HBCU,Public,Research Universities,"Ypsilanti, MI",www.emich.edu/,www.emueagles.com,20_20.site.png
Michigan State University,Division I,Division I,DI FBS,Active Member,Big Ten Conference,Big Ten Conference,Non-HBCU,Public,Research Universities,"East Lansing, MI",www.msu.edu,www.msuspartans.com,21_21.site.png
Central Michigan University,Division I,Division I,DI FBS,Active Member,Mid-American Conference,Mid-American Conference,Non-HBCU,Public,Research Universities,"Mount Pleasant, MI",www.cmich.edu,www.cmuchippewas.com,22_22.favicon.ico
Western Michigan University,Division I,Division I,DI FBS,Active Member,Mid-American Conference,Mid-American Conference,Non-HBCU,Public,Research Universities,"Kalamazoo, MI",www.wmich.edu,www.wmubroncos.com,23_23.favicon.ico
"University at Buffalo, the State University of New York",Division I,Division I,DI FBS,Active Member,Mid-American Conference,Mid-American Conference,Non-HBCU,Public,Research Universities,"Buffalo, NY",www.buffalo.edu,www.ubbulls.com,24_24.site.png
University of Pittsburgh,Division I,Division I,DI FBS,Active Member,Atlantic Coast Conference,Atlantic Coast Conference,Non-HBCU,Public,Research Universities,"Pittsburgh, PA",www.pitt.edu,www.pittsburghpanthers.com,25_25.site.png
Virginia Polytechnic Institute and State University,Division I,Division I,DI FBS,Active Member,Atlantic Coast Conference,Atlantic Coast Conference,Non-HBCU,Public,Research Universities,"Blacksburg, VA",www.hokiesports.com,www.vt.edu,26_26.favicon.ico
North Carolina State University,Division I,Division I,DI FBS,Active Member,Atlantic Coast Conference,Atlantic Coast Conference,Non-HBCU,Public,Research Universities,"Raleigh, NC",www.gopack.com,www.ncsu.edu,27_27.favicon.ico
"University of North Carolina, Chapel Hill",Division I,Division I,DI FBS,Active Member,Atlantic Coast Conference,Atlantic Coast Conference,Non-HBCU,Public,Research Universities,"Chapel Hill, NC",www.goheels.com,www.unc.edu,28_28.010717_old_well_summer011.jpg
The University of North Carolina at Charlotte,Division I,Division I,DI FBS,Active Member,Conference USA,Conference USA,Non-HBCU,Public,Research Universities,"Charlotte, NC",www.charlotte49ers.com,www.uncc.edu,29_29.favicon.ico
Wake Forest University,Division I,Division I,DI FBS,Active Member,Atlantic Coast Conference,Atlantic Coast Conference,Non-HBCU,Private,Research Universities,"Winston-Salem, NC",wakeforestsports.collegesports.com/,www.wfu.edu/,30_30.favicon.ico
Coastal Carolina University,Division I,Division I,DI FBS,Active Member,Sun Belt Conference,Sun Belt Conference,Non-HBCU,Public,Master's Colleges & Universities,"Conway, SC",www.coastal.edu,www.goccusports.com,31_31.site.png
"University of South Carolina, Columbia",Division I,Division I,DI FBS,Active Member,Southeastern Conference,Southeastern Conference,Non-HBCU,Public,Research Universities,"Columbia, SC",gamecocksonline.cstv.com/,www.sc.edu/,32_32.favicon.ico
East Carolina University,Division I,Division I,DI FBS,Active Member,American Athletic Conference,American Athletic Conference,Non-HBCU,Public,Research Universities,"Greenville, NC",www.ecu.edu,www.ecupirates.com,33_33.site.png
University of Miami (Florida),Division I,Division I,DI FBS,Active Member,Atlantic Coast Conference,Atlantic Coast Conference,Non-HBCU,Private,Research Universities,"Coral Gables, FL",www.hurricanesports.com,www.miami.edu,34_34.um-icon.ico
Florida International University,Division I,Division I,DI FBS,Active Member,Conference USA,Conference USA,Non-HBCU,Public,Research Universities,"Miami, FL",www.fiu.edu,www.fiusports.com,35_35.site.png
Florida Atlantic University,Division I,Division I,DI FBS,Active Member,Conference USA,Conference USA,Non-HBCU,Public,Research Universities,"Boca Raton, FL",fausports.collegesports.com/,www.fau.edu,36_36.default.jpg
University of Central Florida,Division I,Division I,DI FBS,Active Member,American Athletic Conference,American Athletic Conference,Non-HBCU,Public,Research Universities,"Orlando, FL",www.ucf.edu,www.ucfknights.com/,37_37.favicon.ico
University of South Florida,Division I,Division I,DI FBS,Active Member,American Athletic Conference,American Athletic Conference,Non-HBCU,Public,Research Universities,"Tampa, FL",www.gousfbulls.com/,www.usf.edu/,38_38.favicon.ico
University of Florida,Division I,Division I,DI FBS,Active Member,Southeastern Conference,Southeastern Conference,Non-HBCU,Public,Research Universities,"Gainesville, FL",www.floridagators.com,www.ufl.edu,39_39.favicon.ico
Florida State University,Division I,Division I,DI FBS,Active Member,Atlantic Coast Conference,Atlantic Coast Conference,Non-HBCU,Public,Research Universities,"Tallahassee, FL",www.fsu.edu,www.seminoles.com,40_40.favicon.ico
University of Georgia,Division I,Division I,DI FBS,Active Member,Southeastern Conference,Southeastern Conference,Non-HBCU,Public,Research Universities,"Athens, GA",www.georgiadogs.com,www.uga.edu,41_41.favicon.ico
"University of Maryland, College Park",Division I,Division I,DI FBS,Active Member,Big Ten Conference,Big Ten Conference,Non-HBCU,Public,Research Universities,"College Park, MD",www.umd.edu,www.umterps.com,42_42.site.png
Vanderbilt University,Division I,Division I,DI FBS,Active Member,Southeastern Conference,Southeastern Conference,Non-HBCU,Private,Research Universities,"Nashville, TN",www.vanderbilt.edu/,www.vucommodores.com,43_43.logo.png
University of Michigan,Division I,Division I,DI FBS,Active Member,Big Ten Conference,Big Ten Conference,Non-HBCU,Public,Research Universities,"Ann Arbor, MI",mgoblue.com,www.umich.edu/,44_44.U-M-logo-preview.jpg
University of Notre Dame,Division I,Division I,DI FBS,Active Member,Atlantic Coast Conference,Independent,Non-HBCU,Private,Research Universities,"Notre Dame, IN",www.nd.edu,www.und.com,45_45.Screen-Shot-2019-06-19-at-9.52.40-AM-e1562150558880.png
University of Mississippi,Division I,Division I,DI FBS,Active Member,Southeastern Conference,Southeastern Conference,Non-HBCU,Public,Research Universities,"University, MS",www.olemiss.edu,www.olemisssports.com,46_46.site.png
Mississippi State University,Division I,Division I,DI FBS,Active Member,Southeastern Conference,Southeastern Conference,Non-HBCU,Public,Research Universities,"Mississippi State, MS",www.hailstate.com,www.msstate.edu/,47_47.favicon.ico
University of South Alabama,Division I,Division I,DI FBS,Active Member,Sun Belt Conference,Sun Belt Conference,Non-HBCU,Public,Research Universities,"Mobile, AL",www.southalabama.edu,www.usajaguars.com,48_48.favicon.ico
The Ohio State University,Division I,Division I,DI FBS,Active Member,Big Ten Conference,Big Ten Conference,Non-HBCU,Public,Research Universities,"Columbus, OH",www.ohiostatebuckeyes.com,www.osu.edu,49_49.favicon.ico
Clemson University,Division I,Division I,DI FBS,Active Member,Atlantic Coast Conference,Atlantic Coast Conference,Non-HBCU,Public,Research Universities,"Clemson, SC",www.clemson.edu,www.clemsontigers.com,50_50.logo.png
University of Alabama at Birmingham,Division I,Division I,DI FBS,Active Member,Conference USA,Conference USA,Non-HBCU,Public,Research Universities,"Birmingham, AL",www.uab.edu,www.uabsports.com,51_51.site.png
University of Alabama,Division I,Division I,DI FBS,Active Member,Southeastern Conference,Southeastern Conference,Non-HBCU,Public,Research Universities,"Tuscaloosa, AL",www.rolltide.com,www.ua.edu,52_52.quadaerial01_1920.jpg
Georgia State University,Division I,Division I,DI FBS,Active Member,Sun Belt Conference,Sun Belt Conference,Non-HBCU,Public,Research Universities,"Atlanta, GA",www.georgiastatesports.com,www.gsu.edu,53_53.flame.png
Auburn University,Division I,Division I,DI FBS,Active Member,Southeastern Conference,Southeastern Conference,Non-HBCU,Public,Research Universities,"Auburn, AL",www.auburn.edu,www.auburntigers.com,54_54.site.png
Troy University,Division I,Division I,DI FBS,Active Member,Sun Belt Conference,Sun Belt Conference,Non-HBCU,Public,Master's Colleges & Universities,"Troy, AL",www.troy.edu,www.troytrojans.com,55_55.favicon.ico
"University of Tennessee, Knoxville",Division I,Division I,DI FBS,Active Member,Southeastern Conference,Southeastern Conference,Non-HBCU,Public,Research Universities,"Knoxville, TN",www.utk.edu/,www.utsports.com,56_56.favicon.ico
Middle Tennessee State University,Division I,Division I,DI FBS,Active Member,Conference USA,Conference USA,Non-HBCU,Public,Research Universities,"Murfreesboro, TN",www.goblueraiders.com,www.mtsu.edu/,57_57.favicon.ico
Appalachian State University,Division I,Division I,DI FBS,Active Member,Sun Belt Conference,Sun Belt Conference,Non-HBCU,Public,Master's Colleges & Universities,"Boone, NC",www.appstate.edu,www.appstatesports.com,58_58.site.png
University of Kentucky,Division I,Division I,DI FBS,Active Member,Southeastern Conference,Southeastern Conference,Non-HBCU,Public,Research Universities,"Lexington, KY",www.ukathletics.com,www.uky.edu,59_59.favicon-16x16.png
University of Louisville,Division I,Division I,DI FBS,Active Member,Atlantic Coast Conference,Atlantic Coast Conference,Non-HBCU,Public,Research Universities,"Louisville, KY",www.louisville.edu/,www.uoflsports.com,60_60.site.png
Western Kentucky University,Division I,Division I,DI FBS,Active Member,Conference USA,Conference USA,Non-HBCU,Public,Research Universities,"Bowling Green, KY",www.wku.edu/,www.wkusports.com,61_61.site.png
University of Memphis,Division I,Division I,DI FBS,Active Member,American Athletic Conference,American Athletic Conference,Non-HBCU,Public,Research Universities,"Memphis, TN",www.gotigersgo.com,www.memphis.edu/,62_62.govboard.jpg
University of Cincinnati,Division I,Division I,DI FBS,Active Member,American Athletic Conference,American Athletic Conference,Non-HBCU,Public,Research Universities,"Cincinnati, OH",www.gobearcats.com,www.uc.edu,63_63.favicon.ico
Miami University (Ohio),Division I,Division I,DI FBS,Active Member,Mid-American Conference,Mid-American Conference,Non-HBCU,Public,Research Universities,"Oxford, OH",www.miamiOH.edu,www.muRedHawks.com,64_64.favicon.ico
Ball State University,Division I,Division I,DI FBS,Active Member,Mid-American Conference,Mid-American Conference,Non-HBCU,Public,Research Universities,"Muncie, IN",www.ballstatesports.com,www.bsu.edu,65_65.favicon.ico
"Indiana University, Bloomington",Division I,Division I,DI FBS,Active Member,Big Ten Conference,Big Ten Conference,Non-HBCU,Public,Research Universities,"Bloomington, IN",iuhoosiers.com/,www.iub.edu/,66_66.favicon.ico
Purdue University,Division I,Division I,DI FBS,Active Member,Big Ten Conference,Big Ten Conference,Non-HBCU,Public,Research Universities,"West Lafayette, IN",www.purdue.edu,www.purduesports.com,67_67.favicon.ico
Northwestern University,Division I,Division I,DI FBS,Active Member,Big Ten Conference,Big Ten Conference,Non-HBCU,Private,Research Universities,"Evanston, IL",www.northwestern.edu/,www.nusports.com,68_68.favicon.ico
University of Illinois Urbana-Champaign,Division I,Division I,DI FBS,Active Member,Big Ten Conference,Big Ten Conference,Non-HBCU,Public,Research Universities,"Champaign, IL",www.fightingillini.com,www.illinois.edu,69_69.favicon.ico
Northern Illinois University,Division I,Division I,DI FBS,Active Member,Mid-American Conference,Mid-American Conference,Non-HBCU,Public,Research Universities,"De Kalb, IL",www.niu.edu,www.niuhuskies.com,70_70.site.png
University of Wisconsin-Madison,Division I,Division I,DI FBS,Active Member,Big Ten Conference,Big Ten Conference,Non-HBCU,Public,Research Universities,"Madison, WI",www.uwbadgers.com,www.wisc.edu/,71_71.favicon.ico
Arkansas State University,Division I,Division I,DI FBS,Active Member,Sun Belt Conference,Sun Belt Conference,Non-HBCU,Public,Research Universities,"State University, AR",www.astate.edu,www.astateredwolves.com,72_72.site.png
"University of Missouri, Columbia",Division I,Division I,DI FBS,Active Member,Southeastern Conference,Southeastern Conference,Non-HBCU,Public,Research Universities,"Columbia, MO",www.missouri.edu,www.mutigers.com,73_73.site.png
University of Iowa,Division I,Division I,DI FBS,Active Member,Big Ten Conference,Big Ten Conference,Non-HBCU,Public,Research Universities,"Iowa City, IA",hawkeyesports.com,www.uiowa.edu/,74_74.favicon.ico
"University of Minnesota, Twin Cities",Division I,Division I,DI FBS,Active Member,Big Ten Conference,Big Ten Conference,Non-HBCU,Public,Research Universities,"Minneapolis, MN",www.gophersports.com,www.umn.edu,75_75.favicon.ico
The University of Southern Mississippi,Division I,Division I,DI FBS,Active Member,Conference USA,Conference USA,Non-HBCU,Public,Research Universities,"Hattiesburg, MS",Southernmiss.com,www.usm.edu/,76_76.favicon.ico
Tulane University,Division I,Division I,DI FBS,Active Member,American Athletic Conference,American Athletic Conference,Non-HBCU,Private,Research Universities,"New Orleans, LA",www.tulane.edu,www.tulanegreenwave.com/index-main.html,77_77.favicon.ico
Louisiana State University,Division I,Division I,DI FBS,Active Member,Southeastern Conference,Southeastern Conference,Non-HBCU,Public,Research Universities,"Baton Rouge, LA",www.lsu.edu,www.lsusports.net,78_78.lsu_tiger_logo.svg
University of Louisiana at Lafayette,Division I,Division I,DI FBS,Active Member,Sun Belt Conference,Sun Belt Conference,Non-HBCU,Public,Research Universities,"Lafayette, LA",www.louisiana.edu/,www.ragincajuns.com,79_79.favicon.ico
University of Louisiana Monroe,Division I,Division I,DI FBS,Active Member,Sun Belt Conference,Sun Belt Conference,Non-HBCU,Public,Research Universities,"Monroe, LA",www.ulm.edu,www.ulmwarhawks.com,80_80.site.png
Louisiana Tech University,Division I,Division I,DI FBS,Active Member,Conference USA,Conference USA,Non-HBCU,Public,Research Universities,"Ruston, LA",www.latech.edu/,www.latechsports.com/,81_81.site.png
"University of Arkansas, Fayetteville",Division I,Division I,DI FBS,Active Member,Southeastern Conference,Southeastern Conference,Non-HBCU,Public,Research Universities,"Fayetteville, AR",www.arkansasrazorbacks.com,www.uark.edu,82_82.favicon.ico
University of Houston,Division I,Division I,DI FBS,Active Member,American Athletic Conference,American Athletic Conference,Non-HBCU,Public,Research Universities,"Houston, TX",www.uh.edu,www.uhcougars.com,83_83.favicon.ico
Southern Methodist University,Division I,Division I,DI FBS,Active Member,American Athletic Conference,American Athletic Conference,Non-HBCU,Private,Research Universities,"Dallas, TX",www.smu.edu,www.smumustangs.com,84_84.site.png
University of North Texas,Division I,Division I,DI FBS,Active Member,Conference USA,Conference USA,Non-HBCU,Public,Research Universities,"Denton, TX",www.meangreensports.com,www.unt.edu,85_85.favicon.ico
Texas Christian University,Division I,Division I,DI FBS,Active Member,Big 12 Conference,Big 12 Conference,Non-HBCU,Private,Research Universities,"Fort Worth, TX",www.gofrogs.com,www.tcu.edu,86_86.favicon.png
Baylor University,Division I,Division I,DI FBS,Active Member,Big 12 Conference,Big 12 Conference,Non-HBCU,Private,Research Universities,"Waco, TX",www.BaylorBears.com,www.baylor.edu,87_87.bayloruniversity_social-media.png
"Texas A&M University, College Station",Division I,Division I,DI FBS,Active Member,Southeastern Conference,Southeastern Conference,Non-HBCU,Public,Research Universities,"College Station, TX",www.12thman.com,www.tamu.edu,88_88.favicon.ico
"University of Nebraska, Lincoln",Division I,Division I,DI FBS,Active Member,Big Ten Conference,Big Ten Conference,Non-HBCU,Public,Research Universities,"Lincoln, NE",www.huskers.com,www.unl.edu,89_89.favicon.ico
Iowa State University,Division I,Division I,DI FBS,Active Member,Big 12 Conference,Big 12 Conference,Non-HBCU,Public,Research Universities,"Ames, IA",www.cyclones.com,www.iastate.edu,90_90.favicon.ico
University of Kansas,Division I,Division I,DI FBS,Active Member,Big 12 Conference,Big 12 Conference,Non-HBCU,Public,Research Universities,"Lawrence, KS",www.ku.edu,www.kuathletics.com,91_91.main-twitter-image.jpg
Kansas State University,Division I,Division I,DI FBS,Active Member,Big 12 Conference,Big 12 Conference,Non-HBCU,Public,Research Universities,"Manhattan, KS",www.k-state.edu/,www.kstatesports.com,92_92.site.png
The University of Tulsa,Division I,Division I,DI FBS,Active Member,American Athletic Conference,American Athletic Conference,Non-HBCU,Private,Research Universities,"Tulsa, OK",www.tulsahurricane.com,www.utulsa.edu/,93_93.main_logo.svg
Oklahoma State University,Division I,Division I,DI FBS,Active Member,Big 12 Conference,Big 12 Conference,Non-HBCU,Public,Research Universities,"Stillwater, OK",www.okstate.com,www.okstate.edu,94_94.favicon.ico
University of Oklahoma,Division I,Division I,DI FBS,Active Member,Big 12 Conference,Big 12 Conference,Non-HBCU,Public,Research Universities,"Norman, OK",soonersports.com,www.ou.edu,95_95.favicon.ico
Texas Tech University,Division I,Division I,DI FBS,Active Member,Big 12 Conference,Big 12 Conference,Non-HBCU,Public,Research Universities,"Lubbock, TX",www.texastech.com/,www.ttu.edu/,96_96.favicon.ico
New Mexico State University,Division I,Division I,DI FBS,Active Member,Western Athletic Conference,Independent,Non-HBCU,Public,Research Universities,"Las Cruces, NM",www.nmstatesports.com,www.nmsu.edu,97_97.favicon.ico
University of New Mexico,Division I,Division I,DI FBS,Active Member,Mountain West Conference,Mountain West Conference,Non-HBCU,Public,Research Universities,"Albuquerque, NM",www.golobos.com,www.unm.edu/,98_98.unm.ico
U.S. Air Force Academy,Division I,Division I,DI FBS,Active Member,Mountain West Conference,Mountain West Conference,Non-HBCU,Public,Baccalaureate Colleges,"USAF Academy, CO",www.goairforcefalcons.com/,www.usafa.edu,99_99.favicon.ico
"University of Colorado, Boulder",Division I,Division I,DI FBS,Active Member,Pac-12 Conference,Pac-12 Conference,Non-HBCU,Public,Research Universities,"Boulder, CO",www.colorado.edu/,www.cubuffs.com/,100_100.site.png
Colorado State University,Division I,Division I,DI FBS,Active Member,Mountain West Conference,Mountain West Conference,Non-HBCU,Public,Research Universities,"Fort Collins, CO",www.colostate.edu,www.csurams.com,101_101.site.png
University of Wyoming,Division I,Division I,DI FBS,Active Member,Mountain West Conference,Mountain West Conference,Non-HBCU,Public,Research Universities,"Laramie, WY",www.gowyo.com,www.uwyo.edu,102_102.favicon.ico
University of Arizona,Division I,Division I,DI FBS,Active Member,Pac-12 Conference,Pac-12 Conference,Non-HBCU,Public,Research Universities,"Tucson, AZ",www.arizona.edu,www.arizonawildcats.com,103_103.site.png
Arizona State University,Division I,Division I,DI FBS,Active Member,Pac-12 Conference,Pac-12 Conference,Non-HBCU,Public,Research Universities,"Tempe, AZ",asu.edu,www.thesundevils.com/,104_104.favicon.ico
Brigham Young University,Division I,Division I,DI FBS,Active Member,West Coast Conference,Independent,Non-HBCU,Private,Research Universities,"Provo, UT",www.byu.edu,www.byucougars.com,105_105.favicon.ico
University of Utah,Division I,Division I,DI FBS,Active Member,Pac-12 Conference,Pac-12 Conference,Non-HBCU,Public,Research Universities,"Salt Lake City, UT",utahutes.cstv.com/,www.utah.edu/,106_106.apple-touch-icon.png
Utah State University,Division I,Division I,DI FBS,Active Member,Mountain West Conference,Mountain West Conference,Non-HBCU,Public,Research Universities,"Logan, UT",utahstateaggies.com,www.usu.edu/,107_107.favicon.ico
Boise State University,Division I,Division I,DI FBS,Active Member,Mountain West Conference,Mountain West Conference,Non-HBCU,Public,Research Universities,"Boise, ID",www.boisestate.edu,www.broncosports.com,108_108.site.png
San Diego State University,Division I,Division I,DI FBS,Active Member,Mountain West Conference,Mountain West Conference,Non-HBCU,Public,Research Universities,"San Diego, CA",www.goaztecs.com,www.sdsu.edu/,109_109.favicon.ico
"University of Nevada, Las Vegas",Division I,Division I,DI FBS,Active Member,Mountain West Conference,Mountain West Conference,Non-HBCU,Public,Research Universities,"Las Vegas, NV",www.unlv.edu,www.unlvrebels.com,110_110.site.png
University of Southern California,Division I,Division I,DI FBS,Active Member,Pac-12 Conference,Pac-12 Conference,Non-HBCU,Private,Research Universities,"Los Angeles, CA",www.usc.edu/,www.usctrojans.com,111_111.site.png
"University of California, Los Angeles",Division I,Division I,DI FBS,Active Member,Pac-12 Conference,Pac-12 Conference,Non-HBCU,Public,Research Universities,"Los Angeles, CA",www.ucla.edu,www.uclabruins.com,112_112.favicon.ico
"California State University, Fresno",Division I,Division I,DI FBS,Active Member,Mountain West Conference,Mountain West Conference,Non-HBCU,Public,Research Universities,"Fresno, CA",www.csufresno.edu,www.gobulldogs.com,113_113.favicon.ico
"University of Nevada, Reno",Division I,Division I,DI FBS,Active Member,Mountain West Conference,Mountain West Conference,Non-HBCU,Public,Research Universities,"Reno, NV",www.nevadawolfpack.com,www.unr.edu,114_114.facebook-open-graph.jpg
San Jose State University,Division I,Division I,DI FBS,Active Member,Mountain West Conference,Mountain West Conference,Non-HBCU,Public,Master's Colleges & Universities,"San Jose, CA",www.sjsu.edu,www.sjsuspartans.com,115_115.site.png
Stanford University,Division I,Division I,DI FBS,Active Member,Pac-12 Conference,Pac-12 Conference,Non-HBCU,Private,Research Universities,"Stanford, CA",www.gostanford.com,www.stanford.edu,116_116.favicon.ico
"University of California, Berkeley",Division I,Division I,DI FBS,Active Member,Pac-12 Conference,Pac-12 Conference,Non-HBCU,Public,Research Universities,"Berkeley, CA",www.berkeley.edu,www.calbears.com,117_117.site.png
University of Oregon,Division I,Division I,DI FBS,Active Member,Pac-12 Conference,Pac-12 Conference,Non-HBCU,Public,Research Universities,"Eugene, OR",www.goducks.com,www.uoregon.edu,118_118.favicon.ico
Oregon State University,Division I,Division I,DI FBS,Active Member,Pac-12 Conference,Pac-12 Conference,Non-HBCU,Public,Research Universities,"Corvallis, OR",www.oregonstate.edu/,www.osubeavers.com,119_119.site.png
University of Washington,Division I,Division I,DI FBS,Active Member,Pac-12 Conference,Pac-12 Conference,Non-HBCU,Public,Research Universities,"Seattle, WA",www.gohuskies.com,www.washington.edu/,120_120.favicon.ico
Washington State University,Division I,Division I,DI FBS,Active Member,Pac-12 Conference,Pac-12 Conference,Non-HBCU,Public,Research Universities,"Pullman, WA",www.wsu.edu,www.wsucougars.com,121_121.site.png
Rice University,Division I,Division I,DI FBS,Active Member,Conference USA,Conference USA,Non-HBCU,Private,Research Universities,"Houston, TX",www.rice.edu,www.riceowls.com,122_122.site.png
University of Texas at Austin,Division I,Division I,DI FBS,Active Member,Big 12 Conference,Big 12 Conference,Non-HBCU,Public,Research Universities,"Austin, TX",www.TexasSports.com,www.utexas.edu,123_123.tower_hero_v2.jpg
University of Texas at San Antonio,Division I,Division I,DI FBS,Active Member,Conference USA,Conference USA,Non-HBCU,Public,Research Universities,"San Antonio, TX",www.goutsa.com,www.utsa.edu,124_124.monument340.jpg
Texas State University,Division I,Division I,DI FBS,Active Member,Sun Belt Conference,Sun Belt Conference,Non-HBCU,Public,Research Universities,"San Marcos, TX",www.txstate.edu/,www.txstatebobcats.com,125_125.favicon.ico
University of Texas at El Paso,Division I,Division I,DI FBS,Active Member,Conference USA,Conference USA,Non-HBCU,Public,Research Universities,"El Paso, TX",www.utep.edu/,www.utepathletics.com,126_126.favicon.ico
Kent State University,Division I,Division I,DI FBS,Active Member,Mid-American Conference,Mid-American Conference,Non-HBCU,Public,Research Universities,"Kent, OH",www.kent.edu/,www.kentstatesports.com,127_127.favicon.ico
Georgia Southern University,Division I,Division I,DI FBS,Active Member,Sun Belt Conference,Sun Belt Conference,Non-HBCU,Public,Research Universities,"Statesboro, GA",www.georgiasouthern.edu,www.gseagles.com/,128_128.favicon.ico
"University of Maine, Orono",Division I,Division I,DI FCS,Active Member,America East Conference,Colonial Athletic Association,Non-HBCU,Public,Research Universities,"Orono, ME",www.goblackbears.com,www.umaine.edu,129_129.favicon.ico
University of New Hampshire,Division I,Division I,DI FCS,Active Member,America East Conference,Colonial Athletic Association,Non-HBCU,Public,Research Universities,"Durham, NH",www.unh.edu/,www.unhwildcats.com,130_130.site.png
Harvard University,Division I,Division I,DI FCS,Active Member,The Ivy League,The Ivy League,Non-HBCU,Private,Research Universities,"Boston, MA",www.gocrimson.com,www.harvard.edu,131_131.favicon.ico
Brown University,Division I,Division I,DI FCS,Active Member,The Ivy League,The Ivy League,Non-HBCU,Private,Research Universities,"Providence, RI",brownbears.com,www.brown.edu,132_132.favicon.ico
Bryant University,Division I,Division I,DI FCS,Active Member,Northeast Conference,Northeast Conference,Non-HBCU,Private,Master's Colleges & Universities,"Smithfield, RI",www.bryant.edu,www.bryantbulldogs.com,133_133.favicon.jpg
University of Rhode Island,Division I,Division I,DI FCS,Active Member,Atlantic 10 Conference,Colonial Athletic Association,Non-HBCU,Public,Research Universities,"Kingston, RI",www.gorhody.com,www.uri.edu,134_134.apple-touch-icon.png
Dartmouth College,Division I,Division I,DI FCS,Active Member,The Ivy League,The Ivy League,Non-HBCU,Private,Research Universities,"Hanover, NH",www.dartmouth.edu,www.dartmouthsports.com,135_135.site.png
Central Connecticut State University,Division I,Division I,DI FCS,Active Member,Northeast Conference,Northeast Conference,Non-HBCU,Public,Master's Colleges & Universities,"New Britain, CT",ccsubluedevils.com,www.ccsu.edu,136_136.favicon.ico
Yale University,Division I,Division I,DI FCS,Active Member,The Ivy League,The Ivy League,Non-HBCU,Private,Research Universities,"New Haven, CT",www.yale.edu/,www.yalebulldogs.com,137_137.favicon.ico
Sacred Heart University,Division I,Division I,DI FCS,Active Member,Northeast Conference,Northeast Conference,Non-HBCU,Private,Research Universities,"Fairfield, CT",www.sacredheart.edu/,www.sacredheartpioneers.com/,138_138.site.jpg
Stony Brook University,Division I,Division I,DI FCS,Active Member,America East Conference,Colonial Athletic Association,Non-HBCU,Public,Research Universities,"Stony Brook, NY",www.stonybrook.edu,www.stonybrookathletics.com,139_139.site.png
University at Albany,Division I,Division I,DI FCS,Active Member,America East Conference,Colonial Athletic Association,Non-HBCU,Public,Research Universities,"Albany, NY",www.albany.edu,www.ualbanysports.com,140_140.site.png
Marist College,Division I,Division I,DI FCS,Active Member,Metro Atlantic Athletic Conference,Pioneer Football League,Non-HBCU,Private,Master's Colleges & Universities,"Poughkeepsie, NY",www.GoRedFoxes.com,www.marist.edu,141_141.favicon.ico
Columbia University-Barnard College,Division I,Division I,DI FCS,Active Member,The Ivy League,The Ivy League,Non-HBCU,Private,Research Universities,"New York, NY",www.columbia.edu,www.gocolumbialions.com/,142_142.favicon.ico
Wagner College,Division I,Division I,DI FCS,Active Member,Northeast Conference,Northeast Conference,Non-HBCU,Private,Master's Colleges & Universities,"Staten Island, NY",www.wagner.edu,www.wagnerathletics.com,143_143.site.png
Fordham University,Division I,Division I,DI FCS,Active Member,Atlantic 10 Conference,Patriot League,Non-HBCU,Private,Research Universities,"Bronx, NY",www.fordham.edu,www.fordhamsports.com,144_144.site.png
Monmouth University,Division I,Division I,DI FCS,Active Member,Metro Atlantic Athletic Conference,Big South Conference,Non-HBCU,Private,Master's Colleges & Universities,"West Long Branch, NJ",www.monmouth.edu/,www.monmouthhawks.com,145_145.site.png
Princeton University,Division I,Division I,DI FCS,Active Member,The Ivy League,The Ivy League,Non-HBCU,Private,Research Universities,"Princeton, NJ",www.goprincetontigers.com,www.princeton.edu,146_146.favicon.ico
Colgate University,Division I,Division I,DI FCS,Active Member,Patriot League,Patriot League,Non-HBCU,Private,Baccalaureate Colleges,"Hamilton, NY",www.colgate.edu,www.gocolgateraiders.com,147_147.site.png
Cornell University,Division I,Division I,DI FCS,Active Member,The Ivy League,The Ivy League,Non-HBCU,Private,Research Universities,"Ithaca, NY",www.cornell.edu,www.cornellbigred.com,148_148.site.png
Lafayette College,Division I,Division I,DI FCS,Active Member,Patriot League,Patriot League,Non-HBCU,Private,Baccalaureate Colleges,"Easton, PA",www.goleopards.com,www.lafayette.edu,149_149.favicon.ico
Lehigh University,Division I,Division I,DI FCS,Active Member,Patriot League,Patriot League,Non-HBCU,Private,Research Universities,"Bethlehem, PA",www.lehighsports.com/,www1.lehigh.edu/,150_150.favicon.ico
Villanova University,Division I,Division I,DI FCS,Active Member,Big East Conference,Colonial Athletic Association,Non-HBCU,Private,Research Universities,"Villanova, PA",www.villanova.com,www.villanova.edu,151_151.favicon.ico
University of Pennsylvania,Division I,Division I,DI FCS,Active Member,The Ivy League,The Ivy League,Non-HBCU,Private,Research Universities,"Philadelphia, PA",www.pennathletics.com,www.upenn.edu/,152_152.favicon.ico
Delaware State University,Division I,Division I,DI FCS,Active Member,Mid-Eastern Athletic Conf.,Mid-Eastern Athletic Conf.,HBCU,Public,Research Universities,"Dover, DE",www.desu.edu,www.dsuhornets.com/,153_153.dsuhornets.com
University of Delaware,Division I,Division I,DI FCS,Active Member,Colonial Athletic Association,Colonial Athletic Association,Non-HBCU,Public,Research Universities,"Newark, DE",www.bluehens.com,www.udel.edu,154_154.ud-thumbnail.png
Bucknell University,Division I,Division I,DI FCS,Active Member,Patriot League,Patriot League,Non-HBCU,Private,Baccalaureate Colleges,"Lewisburg, PA",bucknell.edu,bucknellbison.com,155_155.site.png
Towson University,Division I,Division I,DI FCS,Active Member,Colonial Athletic Association,Colonial Athletic Association,Non-HBCU,Public,Research Universities,"Towson, MD",www.towson.edu,www.towsontigers.com,156_156.site.png
Morgan State University,Division I,Division I,DI FCS,Active Member,Mid-Eastern Athletic Conf.,Mid-Eastern Athletic Conf.,HBCU,Public,Research Universities,"Baltimore, MD",www.morgan.edu/,www.morganstatebears.com/,157_157.site.png
Georgetown University,Division I,Division I,DI FCS,Active Member,Big East Conference,Patriot League,Non-HBCU,Private,Research Universities,"Washington, DC",www.georgetown.edu,www.guhoyas.com,158_158.favicon.ico
Hampton University,Division I,Division I,DI FCS,Active Member,Big South Conference,Big South Conference,HBCU,Private,Research Universities,"Hampton, VA",www.hamptonpirates.com,www.hamptonu.edu,159_159.favicon.ico
William & Mary,Division I,Division I,DI FCS,Active Member,Colonial Athletic Association,Colonial Athletic Association,Non-HBCU,Public,Research Universities,"Williamsburg, VA",Tribeathletics.com,www.wm.edu/,160_160.default.jpg
University of Richmond,Division I,Division I,DI FCS,Active Member,Atlantic 10 Conference,Colonial Athletic Association,Non-HBCU,Private,Baccalaureate Colleges,"Richmond, VA",www.RichmondSpiders.com/,www.richmond.edu/,161_161.favicon-16x16.png
James Madison University,Division I,Division I,DI FCS,Active Member,Colonial Athletic Association,Colonial Athletic Association,Non-HBCU,Public,Master's Colleges & Universities,"Harrisonburg, VA",www.jmu.edu/,www.jmusports.com,162_162.favicon.ico
Virginia Military Institute,Division I,Division I,DI FCS,Active Member,Southern Conference,Southern Conference,Non-HBCU,Public,Baccalaureate Colleges,"Lexington, VA",www.vmi.edu,www.vmikeydets.com,163_163.favicon.ico
Duquesne University,Division I,Division I,DI FCS,Active Member,Atlantic 10 Conference,Northeast Conference,Non-HBCU,Private,Research Universities,"Pittsburgh, PA",www.GoDuquesne.com,www.duq.edu,164_164.favicon.ico
Norfolk State University,Division I,Division I,DI FCS,Active Member,Mid-Eastern Athletic Conf.,Mid-Eastern Athletic Conf.,HBCU,Public,Master's Colleges & Universities,"Norfolk, VA",www.nsu.edu,www.nsuspartans.com,165_165.favicon.ico
Davidson College,Division I,Division I,DI FCS,Active Member,Atlantic 10 Conference,Pioneer Football League,Non-HBCU,Private,Baccalaureate Colleges,"Davidson, NC",www.davidson.edu,www.davidsonwildcats.com,166_166.favicon.ico
Morehead State University,Division I,Division I,DI FCS,Active Member,Ohio Valley Conference,Pioneer Football League,Non-HBCU,Public,Master's Colleges & Universities,"Morehead, KY",www.moreheadstate.edu,www.msueagles.com,167_167.site.png
Eastern Kentucky University,Division I,Division I,DI FCS,Active Member,Ohio Valley Conference,Ohio Valley Conference,Non-HBCU,Public,Master's Colleges & Universities,"Richmond, KY",www.eku.edu,www.ekusports.com,168_168.favicon.ico
Saint Francis University (Pennsylvania),Division I,Division I,DI FCS,Active Member,Northeast Conference,Northeast Conference,Non-HBCU,Private,Master's Colleges & Universities,"Loretto, PA",www.francis.edu,www.sfuathletics.com,169_169.favicon.ico
Tennessee Technological University,Division I,Division I,DI FCS,Active Member,Ohio Valley Conference,Ohio Valley Conference,Non-HBCU,Public,Research Universities,"Cookeville, TN",www.TTUsports.com/,www.tntech.edu/,170_170.favicon.ico
Austin Peay State University,Division I,Division I,DI FCS,Active Member,Ohio Valley Conference,Ohio Valley Conference,Non-HBCU,Public,Master's Colleges & Universities,"Clarksville, TN",www.apsu.edu,www.apsu.edu/letsgopeay/,171_171.site.png
Murray State University,Division I,Division I,DI FCS,Active Member,Ohio Valley Conference,Ohio Valley Conference,Non-HBCU,Public,Master's Colleges & Universities,"Murray, KY",www.goracers.com,www.murraystate.edu/,172_172.favicon.ico
University of Tennessee at Martin,Division I,Division I,DI FCS,Active Member,Ohio Valley Conference,Ohio Valley Conference,Non-HBCU,Public,Master's Colleges & Universities,"Martin, TN",www.utm.edu/,www.utmsports.com,173_173.favicon.ico
North Carolina Central University,Division I,Division I,DI FCS,Active Member,Mid-Eastern Athletic Conf.,Mid-Eastern Athletic Conf.,HBCU,Public,Master's Colleges & Universities,"Durham, NC",www.nccu.edu/,www.nccueaglepride.com,174_174.site.png
Wofford College,Division I,Division I,DI FCS,Active Member,Southern Conference,Southern Conference,Non-HBCU,Private,Baccalaureate Colleges,"Spartanburg, SC",www.wofford.edu/,www.wofford.edu/athletics,175_175.favicon.ico
Furman University,Division I,Division I,DI FCS,Active Member,Southern Conference,Southern Conference,Non-HBCU,Private,Baccalaureate Colleges,"Greenville, SC",www.furman.edu,www.furmanpaladins.com,176_176.favicon.svg
Western Carolina University,Division I,Division I,DI FCS,Active Member,Southern Conference,Southern Conference,Non-HBCU,Public,Master's Colleges & Universities,"Cullowhee, NC",www.catamountsports.com,www.wcu.edu/,177_177.favicon.ico
Elon University,Division I,Division I,DI FCS,Active Member,Colonial Athletic Association,Colonial Athletic Association,Non-HBCU,Private,Research Universities,"Elon, NC",www.elon.edu/,www.elonphoenix.com,178_178.site.png
North Carolina A&T State University,Division I,Division I,DI FCS,Active Member,Mid-Eastern Athletic Conf.,Mid-Eastern Athletic Conf.,HBCU,Public,Research Universities,"Greensboro, NC",www.ncat.edu,www.ncataggies.com,179_179.site.png
Campbell University,Division I,Division I,DI FCS,Active Member,Big South Conference,Big South Conference,Non-HBCU,Private,Research Universities,"Buies Creek, NC",www.campbell.edu,www.gocamels.com,180_180.site.png
Charleston Southern University,Division I,Division I,DI FCS,Active Member,Big South Conference,Big South Conference,Non-HBCU,Private,Master's Colleges & Universities,"Charleston, SC",www.csuniv.edu,www.csusports.com,181_181.csusports.com
The Citadel,Division I,Division I,DI FCS,Active Member,Southern Conference,Southern Conference,Non-HBCU,Public,Master's Colleges & Universities,"Charleston, SC",citadelsports.com,www.citadel.edu,182_182.favicon.ico
Savannah State University,Division I,Division I,DI FCS,Reclass DI to DII,Southern Intercol. Ath. Conf.,Southern Intercol. Ath. Conf.,HBCU,Public,Master's Colleges & Universities,"Savannah, GA",ssuathletics.com/,www.savannahstate.edu,183_183.savannah_state_university_favicon.png
Jacksonville University,Division I,Division I,DI FCS,Active Member,ASUN Conference,Pioneer Football League,Non-HBCU,Private,Master's Colleges & Universities,"Jacksonville, FL",www.ju.edu,www.judolphins.com,184_184.site.png
Bethune-Cookman University,Division I,Division I,DI FCS,Active Member,Mid-Eastern Athletic Conf.,Mid-Eastern Athletic Conf.,HBCU,Private,Baccalaureate Colleges,"Daytona Beach, FL",www.bcuathletics.com,www.cookman.edu,185_185.favicon.ico
Stetson University,Division I,Division I,DI FCS,Active Member,ASUN Conference,Pioneer Football League,Non-HBCU,Private,Master's Colleges & Universities,"DeLand, FL",www.gohatters.com,www.stetson.edu/,186_186.favicon.ico
Florida A&M University,Division I,Division I,DI FCS,Active Member,Mid-Eastern Athletic Conf.,Mid-Eastern Athletic Conf.,HBCU,Public,Research Universities,"Tallahassee, FL",famuathletics.com/,www.famu.edu,187_187.favicon.ico
Mercer University,Division I,Division I,DI FCS,Active Member,Southern Conference,Southern Conference,Non-HBCU,Private,Research Universities,"Macon, GA",www.mercerbears.com,www2.mercer.edu/default.htm,188_188.favicon.ico
Kennesaw State University,Division I,Division I,DI FCS,Active Member,ASUN Conference,Big South Conference,Non-HBCU,Public,Research Universities,"Kennesaw, GA",www.kennesaw.edu/,www.ksuowls.com,189_189.favicon.ico
University of Tennessee at Chattanooga,Division I,Division I,DI FCS,Active Member,Southern Conference,Southern Conference,Non-HBCU,Public,Research Universities,"Chattanooga, TN",www.gomocs.com,www.utc.edu,190_190.two-weeks-in-fall-2020-slider.jpg
Jacksonville State University,Division I,Division I,DI FCS,Active Member,Ohio Valley Conference,Ohio Valley Conference,Non-HBCU,Public,Master's Colleges & Universities,"Jacksonville, AL",www.jsu.edu,www.jsugamecocksports.com,191_191.site.png
Samford University,Division I,Division I,DI FCS,Active Member,Southern Conference,Southern Conference,Non-HBCU,Private,Research Universities,"Birmingham, AL",samfordsports.com,www.samford.edu/,192_192.mobile-touch-icon.png
Alabama State University,Division I,Division I,DI FCS,Active Member,Southwestern Athletic Conf.,Southwestern Athletic Conf.,HBCU,Public,Master's Colleges & Universities,"Montgomery, AL",www.alasu.edu,www.bamastatesports.com,193_193.1920px-Alabama_State_University_seal.svg.png
Robert Morris University,Division I,Division I,DI FCS,Active Member,Northeast Conference,Northeast Conference,Non-HBCU,Private,Research Universities,"Moon Township, PA",www.rmu.edu/,www.rmucolonials.com,194_194.favicon.ico
East Tennessee State University,Division I,Division I,DI FCS,Active Member,Southern Conference,Southern Conference,Non-HBCU,Public,Research Universities,"Johnson City, TN",www.etsu.edu,www.etsubucs.com/,195_195.favicon.ico
Gardner-Webb University,Division I,Division I,DI FCS,Active Member,Big South Conference,Big South Conference,Non-HBCU,Private,Research Universities,"Boiling Springs, NC",www.gardner-webb.edu,www.gwusports.com,196_196.favicon.ico
Valparaiso University,Division I,Division I,DI FCS,Active Member,Missouri Valley Conference,Pioneer Football League,Non-HBCU,Private,Research Universities,"Valparaiso, IN",www.valpo.edu/,www.valpoathletics.com,
Indiana State University,Division I,Division I,DI FCS,Active Member,Missouri Valley Conference,Missouri Valley Football Conference,Non-HBCU,Public,Research Universities,"Terre Haute, IN",www.gosycamores.com,www.indstate.edu,198_198.apple-touch-icon.png
University of Dayton,Division I,Division I,DI FCS,Active Member,Atlantic 10 Conference,Pioneer Football League,Non-HBCU,Private,Research Universities,"Dayton, OH",www.daytonflyers.com,www.udayton.edu,199_199.favicon.ico
Butler University,Division I,Division I,DI FCS,Active Member,Big East Conference,Pioneer Football League,Non-HBCU,Private,Master's Colleges & Universities,"Indianapolis, IN",www.butler.edu,www.butlersports.com,200_200.site.png
Youngstown State University,Division I,Division I,DI FCS,Active Member,Horizon League,Missouri Valley Football Conference,Non-HBCU,Public,Master's Colleges & Universities,"Youngstown, OH",www.ysu.edu/,www.ysusports.com,201_201.site.png
Alabama A&M University,Division I,Division I,DI FCS,Active Member,Southwestern Athletic Conf.,Southwestern Athletic Conf.,HBCU,Public,Master's Colleges & Universities,"Normal, AL",www.aamu.edu,www.aamusports.com/,202_202.favicon.ico
Mississippi Valley State University,Division I,Division I,DI FCS,Active Member,Southwestern Athletic Conf.,Southwestern Athletic Conf.,HBCU,Public,Master's Colleges & Universities,"Itta Bena, MS",www.mvsu.edu,www.mvsusports.com,
Jackson State University,Division I,Division I,DI FCS,Active Member,Southwestern Athletic Conf.,Southwestern Athletic Conf.,HBCU,Public,Research Universities,"Jackson, MS",www.jsums.edu/,www.jsutigers.com,204_204.site.png
Alcorn State University,Division I,Division I,DI FCS,Active Member,Southwestern Athletic Conf.,Southwestern Athletic Conf.,HBCU,Public,Master's Colleges & Universities,"Alcorn State, MS",www.alcorn.edu,www.alcornsports.com,205_205.favicon.ico
Southeastern Louisiana University,Division I,Division I,DI FCS,Active Member,Southland Conference,Southland Conference,Non-HBCU,Public,Master's Colleges & Universities,"Hammond, LA",www.lionsports.net,www.selu.edu,206_206.sp20-s.ico
Nicholls State University,Division I,Division I,DI FCS,Active Member,Southland Conference,Southland Conference,Non-HBCU,Public,Master's Colleges & Universities,"Thibodaux, LA",www.geauxcolonels.com,www.nicholls.edu/,207_207.logo.png
"Southern University, Baton Rouge",Division I,Division I,DI FCS,Active Member,Southwestern Athletic Conf.,Southwestern Athletic Conf.,HBCU,Public,Master's Colleges & Universities,"Baton Rouge, LA",www.gojagsports.com,www.subr.edu,208_208.favicon.ico
Grambling State University,Division I,Division I,DI FCS,Active Member,Southwestern Athletic Conf.,Southwestern Athletic Conf.,HBCU,Public,Master's Colleges & Universities,"Grambling, LA",www.gram.edu,www.gsutigers.com,209_209.favicon.ico
Northwestern State University,Division I,Division I,DI FCS,Active Member,Southland Conference,Southland Conference,Non-HBCU,Public,Master's Colleges & Universities,"Natchitoches, LA",www.nsudemons.com,www.nsula.edu,210_210.wordmarksmall2.png
"University of Arkansas, Pine Bluff",Division I,Division I,DI FCS,Active Member,Southwestern Athletic Conf.,Southwestern Athletic Conf.,HBCU,Public,Baccalaureate Colleges,"Pine Bluff, AR",www.uapb.edu,www.uapblionsroar.com,211_211.site.png
University of Central Arkansas,Division I,Division I,DI FCS,Active Member,Southland Conference,Southland Conference,Non-HBCU,Public,Research Universities,"Conway, AR",www.uca.edu,www.ucasports.com,212_212.site.png
Missouri State University,Division I,Division I,DI FCS,Active Member,Missouri Valley Conference,Missouri Valley Football Conference,Non-HBCU,Public,Research Universities,"Springfield, MO",www.missouristate.edu,www.missouristatebears.com,213_213.site.png
University of Northern Iowa,Division I,Division I,DI FCS,Active Member,Missouri Valley Conference,Missouri Valley Football Conference,Non-HBCU,Public,Master's Colleges & Universities,"Cedar Falls, IA",www.uni.edu/,www.unipanthers.com,214_214.site.png
Drake University,Division I,Division I,DI FCS,Active Member,Missouri Valley Conference,Pioneer Football League,Non-HBCU,Private,Research Universities,"Des Moines, IA",www.drake.edu,www.godrakebulldogs.com,215_215.site.png
University of South Dakota,Division I,Division I,DI FCS,Active Member,The Summit League,Missouri Valley Football Conference,Non-HBCU,Public,Research Universities,"Vermillion, SD",www.goyotes.com,www.usd.edu,216_216.favicon.ico
South Dakota State University,Division I,Division I,DI FCS,Active Member,The Summit League,Missouri Valley Football Conference,Non-HBCU,Public,Research Universities,"Brookings, SD",www.gojacks.com,www.sdstate.edu,217_217.favicon.ico
North Dakota State University,Division I,Division I,DI FCS,Active Member,The Summit League,Missouri Valley Football Conference,Non-HBCU,Public,Research Universities,"Fargo, ND",www.GoBison.com,www.ndsu.edu/,218_218.favicon_0.ico
University of North Dakota,Division I,Division I,DI FCS,Active Member,The Summit League,Independent,Non-HBCU,Public,Research Universities,"Grand Forks, ND",www.und.edu/,www.undsports.com,219_219.site.png
Southern Illinois University at Carbondale,Division I,Division I,DI FCS,Active Member,Missouri Valley Conference,Missouri Valley Football Conference,Non-HBCU,Public,Research Universities,"Carbondale, IL",www.siuc.edu/,www.siusalukis.com/,220_220.site.png
Southeast Missouri State University,Division I,Division I,DI FCS,Active Member,Ohio Valley Conference,Ohio Valley Conference,Non-HBCU,Public,Master's Colleges & Universities,"Cape Girardeau, MO",www.GoSoutheast.com,www.semo.edu/,221_221.favicon.ico
Tennessee State University,Division I,Division I,DI FCS,Active Member,Ohio Valley Conference,Ohio Valley Conference,HBCU,Public,Research Universities,"Nashville, TN",www.tnstate.edu/,www.tsutigers.com,222_222.site.png
Eastern Illinois University,Division I,Division I,DI FCS,Active Member,Ohio Valley Conference,Ohio Valley Conference,Non-HBCU,Public,Master's Colleges & Universities,"Charleston, IL",www.eiu.edu,www.eiupanthers.com,223_223.favicon.ico
Illinois State University,Division I,Division I,DI FCS,Active Member,Missouri Valley Conference,Missouri Valley Football Conference,Non-HBCU,Public,Research Universities,"Normal, IL",goredbirds.com,www.ilstu.edu,224_224.reggie.ico
Western Illinois University,Division I,Division I,DI FCS,Active Member,The Summit League,Missouri Valley Football Conference,Non-HBCU,Public,Master's Colleges & Universities,"Macomb, IL",www.goleathernecks.com,www.wiu.edu,225_225.favicon.ico
Lamar University,Division I,Division I,DI FCS,Active Member,Southland Conference,Southland Conference,Non-HBCU,Public,Research Universities,"Beaumont, TX",www.lamar.edu/,www.lamarcardinals.com,226_226.site.png
Stephen F. Austin State University,Division I,Division I,DI FCS,Active Member,Southland Conference,Southland Conference,Non-HBCU,Public,Research Universities,"Nacogdoches, TX",sfajacks.cstv.com,www.sfasu.edu/,227_227.favicon.ico
Texas Southern University,Division I,Division I,DI FCS,Active Member,Southwestern Athletic Conf.,Southwestern Athletic Conf.,HBCU,Public,Research Universities,"Houston, TX",www.tsu.edu/,www.tsusports.com,228_228.site.png
Houston Baptist University,Division I,Division I,DI FCS,Active Member,Southland Conference,Southland Conference,Non-HBCU,Private,Master's Colleges & Universities,"Houston, TX",www.hbu.edu/,www.hbuhuskies.com,229_229.favicon.ico
Sam Houston State University,Division I,Division I,DI FCS,Active Member,Southland Conference,Southland Conference,Non-HBCU,Public,Research Universities,"Huntsville, TX",www.gobearkats.com,www.shsu.edu/,230_230.favicon.ico
Prairie View A&M University,Division I,Division I,DI FCS,Active Member,Southwestern Athletic Conf.,Southwestern Athletic Conf.,HBCU,Public,Master's Colleges & Universities,"Prairie View, TX",www.pvamu.edu,www.pvpanthers.com,231_231.site.png
University of the Incarnate Word,Division I,Division I,DI FCS,Active Member,Southland Conference,Southland Conference,Non-HBCU,Private,Research Universities,"San Antonio, TX",www.uiw.edu,www.uiwtx.edu/athletics/index.htm,232_232.site.png
Abilene Christian University,Division I,Division I,DI FCS,Active Member,Southland Conference,Southland Conference,Non-HBCU,Private,Master's Colleges & Universities,"Abilene, TX",www.acu.edu,www.acusports.com,233_233.site.png
University of Montana,Division I,Division I,DI FCS,Active Member,Big Sky Conference,Big Sky Conference,Non-HBCU,Public,Research Universities,"Missoula, MT",www.gogriz.com,www.umt.edu/,234_234.opengraph-logo.jpg
Montana State University-Bozeman,Division I,Division I,DI FCS,Active Member,Big Sky Conference,Big Sky Conference,Non-HBCU,Public,Research Universities,"Bozeman, MT",www.montana.edu/,www.msubobcats.com,235_235.favicon.ico
University of Idaho,Division I,Division I,DI FCS,Active Member,Big Sky Conference,Big Sky Conference,Non-HBCU,Public,Research Universities,"Moscow, ID",www.govandals.com,www.uidaho.edu/,236_236.favicon.ico
Eastern Washington University,Division I,Division I,DI FCS,Active Member,Big Sky Conference,Big Sky Conference,Non-HBCU,Public,Master's Colleges & Universities,"Cheney, WA",goeags.com,www.ewu.edu/,237_237.ewuEagle.png
Portland State University,Division I,Division I,DI FCS,Active Member,Big Sky Conference,Big Sky Conference,Non-HBCU,Public,Research Universities,"Portland, OR",www.goviks.com,www.pdx.edu/,238_238.favicon.ico
Idaho State University,Division I,Division I,DI FCS,Active Member,Big Sky Conference,Big Sky Conference,Non-HBCU,Public,Research Universities,"Pocatello, ID",www.isu.edu,www.isubengals.com,239_239.favicon.ico
Weber State University,Division I,Division I,DI FCS,Active Member,Big Sky Conference,Big Sky Conference,Non-HBCU,Public,Master's Colleges & Universities,"Ogden, UT",www.weber.edu,www.weberstatesports.com/,240_240.favicon.ico
California Polytechnic State University,Division I,Division I,DI FCS,Active Member,Big West Conference,Big Sky Conference,Non-HBCU,Public,Master's Colleges & Universities,"San Luis Obispo, CA",gopoly.com,www.calpoly.edu,241_241.favicon.ico
"California State University, Sacramento",Division I,Division I,DI FCS,Active Member,Big Sky Conference,Big Sky Conference,Non-HBCU,Public,Master's Colleges & Universities,"Sacramento, CA",www.csus.edu,www.hornetsports.com,242_242.site.png
"University of California, Davis",Division I,Division I,DI FCS,Active Member,Big West Conference,Big Sky Conference,Non-HBCU,Public,Research Universities,"Davis, CA",www.ucdavis.edu,www.ucdavisaggies.com,243_243.favicon.ico
University of Northern Colorado,Division I,Division I,DI FCS,Active Member,Big Sky Conference,Big Sky Conference,Non-HBCU,Public,Research Universities,"Greeley, CO",www.uncbears.com,www.unco.edu,244_244.favicon.ico
Southern Utah University,Division I,Division I,DI FCS,Active Member,Big Sky Conference,Big Sky Conference,Non-HBCU,Public,Master's Colleges & Universities,"Cedar City, UT",www.suu.edu,www.suutbirds.com,245_245.site.png
Northern Arizona University,Division I,Division I,DI FCS,Active Member,Big Sky Conference,Big Sky Conference,Non-HBCU,Public,Research Universities,"Flagstaff, AZ",www.nau.edu,www.nauathletics.com,246_246.favicon.ico
University of San Diego,Division I,Division I,DI FCS,Active Member,West Coast Conference,Pioneer Football League,Non-HBCU,Private,Research Universities,"San Diego, CA",www.sandiego.edu,www.usdtoreros.com,247_247.favicon.ico
